"","GEOID","GEO_ID","state","place","NAME","CRRALL","CRRINT","RESP_DATE","FSRR2010","dif","popul","hhold","hunit","hhinc","povty","lmeng","hispa","white","black","asian","other","nonwh"
"1","1738830","1600000US1738830","17","38830","Justice village, Illinois",62.2,46.8,"2020-08-19",66.5,-4.3,12919,4740,5409,51276,16.5,15.3,16.6,61,18.8,2.1,1.5,39
"2","1738895","1600000US1738895","17","38895","Kaneville village, Illinois",73.3,65.8,"2020-08-19",55.3,18,375,163,171,69375,3.2,0,3.2,94.7,1.6,0,0.5,5.3
"3","1746357","1600000US1746357","17","46357","Manhattan village, Illinois",61,56.2,"2020-08-19",77.9,-16.9,7813,2526,2578,91429,2.1,0,4.1,95.4,0,0.5,0,4.6
"4","1742795","1600000US1742795","17","42795","Lemont village, Illinois",80.7,72.3,"2020-08-19",80.3,0.400000000000006,16935,5993,6282,95221,5.3,4.3,7.3,87.5,0.7,2.7,1.8,12.5
"5","1744407","1600000US1744407","17","44407","Lombard village, Illinois",77.8,70.8,"2020-08-19",77.5,0.299999999999997,43904,17246,18350,79684,6.5,3,9.6,71.8,4.7,11.4,2.5,28.2
"6","1744524","1600000US1744524","17","44524","Long Grove village, Illinois",55.3,51.2,"2020-08-19",81.2,-25.9,7978,2389,2579,208250,2.3,1.5,5.4,72.1,2.2,17.6,2.7,27.9
"7","1740767","1600000US1740767","17","40767","La Grange village, Illinois",76.5,70.8,"2020-08-19",82.1,-5.59999999999999,15632,5306,5662,121425,3.6,0.8,7.7,83.9,5.7,1.4,1.3,16.1
"8","1740884","1600000US1740884","17","40884","Lake Barrington village, Illinois",78.3,69.9,"2020-08-19",79.8,-1.5,5069,2326,2456,108125,5.1,0,4,90.8,0.3,4,0.9,9.2
"9","1746604","1600000US1746604","17","46604","Maple Park village, Illinois",77.7,69.1,"2020-08-19",72.1,5.60000000000001,1482,499,517,84911,2,0,4.5,90.6,0,0.9,4,9.4
"10","1741105","1600000US1741105","17","41105","Lake Forest city, Illinois",76.8,69.4,"2020-08-19",76.7,0.0999999999999943,19219,6878,7648,167404,2.6,1.3,3.8,84.5,1.9,8.1,1.7,15.5
"11","1746786","1600000US1746786","17","46786","Marengo city, Illinois",74.1,63,"2020-08-19",74.1,0,8175,3034,3147,68219,11.9,4.1,17.8,79.1,1.6,0,1.5,20.9
"12","1741326","1600000US1741326","17","41326","Lakemoor village, Illinois",67.6,61,"2020-08-19",73.3,-5.7,6171,2177,2458,81847,3.3,2.9,15.2,80.2,2.2,1.4,1,19.8
"13","1743406","1600000US1743406","17","43406","Lily Lake village, Illinois",70,63.4,"2020-08-19",86,-16,1091,365,372,122292,2.4,0.8,3.8,91.8,2.9,0.5,1,8.2
"14","1743250","1600000US1743250","17","43250","Libertyville village, Illinois",82.6,76.8,"2020-08-19",82.2,0.399999999999991,20480,7491,7881,130732,3.1,2.9,4.7,87,0.8,5.9,1.6,13
"15","1741651","1600000US1741651","17","41651","Lakewood village, Illinois",86.2,80,"2020-08-19",80.4,5.8,3741,1274,1330,136719,2.1,1.7,0.2,95.2,1.7,1.2,1.7,4.8
"16","1741586","1600000US1741586","17","41586","Lake Villa village, Illinois",81.8,75,"2020-08-19",80.9,0.899999999999991,8762,2915,3049,107681,2.1,1.1,11.8,80.1,3.3,3.6,1.2,19.9
"17","1745434","1600000US1745434","17","45434","Lyons village, Illinois",64.4,52.9,"2020-08-19",66.9,-2.5,10566,3858,4143,59800,12.4,10.3,50.4,43.2,3.2,2.2,1,56.8
"18","1745421","1600000US1745421","17","45421","Lynwood village, Illinois",67.6,56.4,"2020-08-19",69.7,-2.10000000000001,9316,3252,3703,57333,8.9,0.7,11.6,18.6,67.8,0.2,1.8,81.4
"19","1741742","1600000US1741742","17","41742","Lake Zurich village, Illinois",85.4,79.4,"2020-08-19",83.8,1.60000000000001,19970,6658,6961,114545,4.1,4.6,10.2,77.8,1.6,8.9,1.5,22.2
"20","1743666","1600000US1743666","17","43666","Lincolnshire village, Illinois",79.2,63.8,"2020-08-19",77.3,1.90000000000001,7469,3097,3269,114826,4.7,2.2,3,83.3,1,10.8,1.9,16.7
"21","1745564","1600000US1745564","17","45564","McCook village, Illinois",60.8,50.8,"2020-08-19",60,0.799999999999997,261,96,108,75833,3.8,2.1,38.7,56.7,0.4,3.1,1.1,43.3
"22","1745616","1600000US1745616","17","45616","McCullom Lake village, Illinois",71.4,57.3,"2020-08-19",68.5,2.90000000000001,1148,420,450,63068,2.9,6.7,10.3,78.8,0.2,2.4,8.3,21.2
"23","1745694","1600000US1745694","17","45694","McHenry city, Illinois",79.7,70.3,"2020-08-19",76.9,2.8,26740,10192,10669,72574,6.7,3.1,16.1,81.4,0.3,1.4,0.8,18.6
"24","1742028","1600000US1742028","17","42028","Lansing village, Illinois",73,63.3,"2020-08-19",73,0,28141,11127,12222,52471,14.6,3.3,14.7,40.8,41.3,0.9,2.3,59.2
"25","1743770","1600000US1743770","17","43770","Lindenhurst village, Illinois",83.9,78.5,"2020-08-19",83.5,0.400000000000006,14495,5145,5300,102426,3.4,1.4,8.5,84.4,1.6,3.9,1.6,15.6
"26","1743744","1600000US1743744","17","43744","Lincolnwood village, Illinois",76.3,67.1,"2020-08-19",73.3,3,12539,4260,4543,93250,6.6,8.9,7.7,54.3,2.6,30.9,4.5,45.7
"27","1743939","1600000US1743939","17","43939","Lisle village, Illinois",75.2,69,"2020-08-19",74.9,0.299999999999997,23435,9857,10317,87106,6,2.7,6.5,72.3,4.5,13.7,3,27.7
"28","1739519","1600000US1739519","17","39519","Kenilworth village, Illinois",81.7,77.1,"2020-08-19",81,0.700000000000003,2512,794,853,212750,4.3,1.5,2.8,90.4,0.7,5.1,1,9.6
"29","1739883","1600000US1739883","17","39883","Kildeer village, Illinois",84.7,79.6,"2020-08-19",84.1,0.600000000000009,4014,1292,1366,201250,4,0.7,4.7,80.9,0.2,10.9,3.3,19.1
"30","1752584","1600000US1752584","17","52584","New Lenox village, Illinois",83,76.6,"2020-08-19",84.5,-1.5,26032,8542,8884,108638,2.5,0.9,6.4,91.1,0.7,0.5,1.3,8.9
"31","1747774","1600000US1747774","17","47774","Maywood village, Illinois",60.5,37.1,"2020-08-19",61.8,-1.3,23810,7690,8935,48600,17.5,2.3,27.3,3.6,67.5,0.6,1,96.4
"32","1749854","1600000US1749854","17","49854","Mokena village, Illinois",81.3,74.3,"2020-08-19",83.3,-2,20720,7144,7385,106291,2.4,0.4,4.9,90.8,1.1,2,1.2,9.2
"33","1749945","1600000US1749945","17","49945","Monee village, Illinois",75.9,65.4,"2020-08-19",78.3,-2.39999999999999,5124,2126,2226,69547,2.9,0,9.8,65.7,19.6,4.3,0.6,34.3
"34","1751349","1600000US1751349","17","51349","Mundelein village, Illinois",78.4,72.4,"2020-08-19",80.7,-2.3,31683,10842,11533,91035,5.9,8,31.6,52.9,1.8,11.1,2.6,47.1
"35","1750218","1600000US1750218","17","50218","Montgomery village, Illinois",80.2,73.8,"2020-08-19",77,3.2,19216,5970,6212,86407,5.4,1,34.3,56.1,5.3,2.3,2,43.9
"36","1753000","1600000US1753000","17","53000","Niles village, Illinois",78.1,61.3,"2020-08-19",76.3,1.8,29640,10966,11746,60672,9.9,15.6,11.3,64.5,2.8,18.6,2.8,35.5
"37","1748242","1600000US1748242","17","48242","Melrose Park village, Illinois",58.6,37.6,"2020-08-19",66.7,-8.1,25311,7678,8285,50647,17,19.7,74.2,19.7,5.3,0.7,0.1,80.3
"38","1751622","1600000US1751622","17","51622","Naperville city, Illinois",82.8,78.2,"2020-08-19",80.2,2.59999999999999,147411,51951,54613,118187,4.4,2.1,5.7,67.8,5.2,18.4,2.9,32.2
"39","1753377","1600000US1753377","17","53377","Norridge village, Illinois",75.7,62.8,"2020-08-19",78.6,-2.89999999999999,14888,5362,5691,64631,6.4,11.5,9.2,84.3,0.7,5.2,0.6,15.7
"40","1750647","1600000US1750647","17","50647","Morton Grove village, Illinois",83.9,74.7,"2020-08-19",79.8,4.10000000000001,23256,8336,9012,85476,6.2,10.2,6.2,58.3,2.9,30.4,2.2,41.7
"41","1747007","1600000US1747007","17","47007","Markham city, Illinois",61.5,41.7,"2020-08-19",69.5,-8,12600,4174,4590,38353,24.8,1.2,9.2,8.8,80.3,0.8,0.9,91.2
"42","1752103","1600000US1752103","17","52103","Newark village, Illinois",79.2,65.4,"2020-08-19",80.3,-1.09999999999999,1219,412,437,74722,5.5,0,4.5,94.9,0.2,0,0.4,5.1
"43","1748671","1600000US1748671","17","48671","Mettawa village, Illinois",64.4,59.1,"2020-08-19",60.6,3.8,545,207,229,127250,6.6,8.2,4.4,89.9,1.1,3.9,0.7,10.1
"44","1749100","1600000US1749100","17","49100","Millbrook village, Illinois",73.8,63.9,"2020-08-19",79.8,-6,337,129,129,85446,13.6,0,6.2,89,0,0,4.8,11
"45","1747540","1600000US1747540","17","47540","Matteson village, Illinois",75.6,64.3,"2020-08-19",72.1,3.5,19336,7224,7906,81692,8.1,0.4,2.8,12.4,80.8,1.6,2.4,87.6
"46","1757394","1600000US1757394","17","57394","Palos Hills city, Illinois",73.7,62.5,"2020-08-19",76.3,-2.59999999999999,17443,6714,7147,59104,11.5,14.3,8.7,83.4,4.5,2,1.4,16.6
"47","1754638","1600000US1754638","17","54638","Oak Forest city, Illinois",76.6,67.7,"2020-08-19",77.7,-1.10000000000001,27843,10223,10517,75991,5.5,2.7,14.3,75.8,5.1,4.2,0.6,24.2
"48","1754820","1600000US1754820","17","54820","Oak Lawn village, Illinois",75.9,64.3,"2020-08-19",77.1,-1.19999999999999,56420,21415,22857,62455,10.6,4.6,21.2,67.4,6.6,3.1,1.7,32.6
"49","1757654","1600000US1757654","17","57654","Park City city, Illinois",62.4,47,"2020-08-19",65.9,-3.50000000000001,7456,2274,2293,41589,20.2,13.5,64.7,15.8,13.2,5.8,0.5,84.2
"50","1761216","1600000US1761216","17","61216","Port Barrington village, Illinois",81.6,71.9,"2020-08-19",79.8,1.8,1514,536,551,133056,1.5,3.4,6.7,87,0.4,4.5,1.4,13
"51","1754885","1600000US1754885","17","54885","Oak Park village, Illinois",72,66.5,"2020-08-19",74.2,-2.2,52225,21684,23380,91945,8,1.6,8.8,63.6,17.9,5,4.7,36.4
"52","1757875","1600000US1757875","17","57875","Park Ridge city, Illinois",82.6,73.3,"2020-08-19",80.1,2.5,37764,14245,15193,102416,4.5,4.2,6,86.8,0.4,4.4,2.4,13.2
"53","1755041","1600000US1755041","17","55041","Oakwood Hills village, Illinois",83.9,75.5,"2020-08-19",82,1.90000000000001,2245,806,821,89875,7.8,0.9,6.9,90.8,0,1.7,0.6,9.2
"54","1761314","1600000US1761314","17","61314","Posen village, Illinois",61.4,49.9,"2020-08-19",75.6,-14.2,6211,1905,2078,48682,25.6,3.4,56.4,26.8,13.2,0.2,3.4,73.2
"55","1756627","1600000US1756627","17","56627","Orland Hills village, Illinois",79.6,72.2,"2020-08-19",76.5,3.09999999999999,7181,2363,2457,87068,15.6,1.8,11.9,70.1,9.8,7,1.2,29.9
"56","1756640","1600000US1756640","17","56640","Orland Park village, Illinois",81.8,72.1,"2020-08-19",82.2,-0.400000000000006,59100,22307,23202,88585,4.3,4.4,7.3,82.2,3.4,5.6,1.5,17.8
"57","1756887","1600000US1756887","17","56887","Oswego village, Illinois",84,79,"2020-08-19",80,4,34383,11114,11292,103352,1.2,1.9,15.2,74.1,4.1,4.6,2,25.9
"58","1759052","1600000US1759052","17","59052","Peotone village, Illinois",69.1,60,"2020-08-19",79.5,-10.4,4294,1514,1555,83358,5.3,0,6.7,89.2,0.3,0.3,3.5,10.8
"59","1753442","1600000US1753442","17","53442","North Aurora village, Illinois",79.3,67.6,"2020-08-19",78.9,0.399999999999991,17653,6485,6672,81096,6.2,2.6,16.1,71.9,5,5,2,28.1
"60","1753455","1600000US1753455","17","53455","North Barrington village, Illinois",79,72.6,"2020-08-19",78.5,0.5,2974,1068,1153,178611,4.3,0.3,2.7,88.2,2,4.4,2.7,11.8
"61","1755639","1600000US1755639","17","55639","Old Mill Creek village, Illinois",53.9,44.9,"2020-08-19",57,-3.1,166,66,109,71250,4.8,0,11.4,84.9,0,0,3.7,15.1
"62","1753481","1600000US1753481","17","53481","Northbrook village, Illinois",82.5,75,"2020-08-19",80.4,2.09999999999999,33463,12945,13878,123457,3,4.8,2.1,80.8,1.2,14.5,1.4,19.2
"63","1757225","1600000US1757225","17","57225","Palatine village, Illinois",78.1,71.5,"2020-08-19",75.7,2.39999999999999,68847,26881,28362,76776,9.3,6.4,20.4,63.7,2.2,11.5,2.2,36.3
"64","1753663","1600000US1753663","17","53663","Northfield village, Illinois",81.9,73.4,"2020-08-19",77.4,4.5,5536,2323,2535,120125,6.3,3.4,3.9,87.1,0.4,8.1,0.5,12.9
"65","1753871","1600000US1753871","17","53871","Northlake city, Illinois",71.4,53.5,"2020-08-19",74.9,-3.5,12351,3776,4166,54492,15.7,12.8,63.5,30.2,4,1.7,0.6,69.8
"66","1754144","1600000US1754144","17","54144","North Riverside village, Illinois",76.1,64.1,"2020-08-19",78.4,-2.30000000000001,6813,2657,2713,62998,8.8,2.3,31.3,55.7,5.1,6.1,1.8,44.3
"67","1759988","1600000US1759988","17","59988","Pingree Grove village, Illinois",84,79.7,"2020-08-19",77.3,6.7,7337,2639,2824,91042,9.5,2.4,8.3,84.3,2,4.4,1,15.7
"68","1755938","1600000US1755938","17","55938","Olympia Fields village, Illinois",77,65.1,"2020-08-19",76.5,0.5,5055,1983,2241,98564,2,1.7,0,20.8,74.2,2.1,2.9,79.2
"69","1760287","1600000US1760287","17","60287","Plainfield village, Illinois",81.6,76.6,"2020-08-19",79.4,2.19999999999999,43048,12521,12757,126127,2.1,1.6,13.7,68.3,7.5,7.8,2.7,31.7
"70","1754534","1600000US1754534","17","54534","Oak Brook village, Illinois",78.3,60.4,"2020-08-19",78.6,-0.299999999999997,8122,3154,3405,137059,2.7,2.3,4,60.8,1.7,31.1,2.4,39.2
"71","1757381","1600000US1757381","17","57381","Palos Heights city, Illinois",84.4,71.5,"2020-08-19",82.1,2.30000000000001,12534,4710,4928,85481,4.5,1.3,4.3,90.2,2.1,2.1,1.3,9.8
"72","1760352","1600000US1760352","17","60352","Plano city, Illinois",73.8,66.8,"2020-08-19",71.2,2.59999999999999,11766,3641,3669,66699,17.2,1.2,31.5,54.7,10.1,0.9,2.8,45.3
"73","1765442","1600000US1765442","17","65442","Romeoville village, Illinois",77.8,69.9,"2020-08-19",76.6,1.2,39702,11541,12378,77053,7,8,33.1,47,10.4,6.5,3,53
"74","1763641","1600000US1763641","17","63641","Richmond village, Illinois",71.5,60.5,"2020-08-19",75.7,-4.2,1880,776,889,42000,28.1,0,7.4,80.2,1.9,3.8,6.7,19.8
"75","1763706","1600000US1763706","17","63706","Richton Park village, Illinois",66.7,58.2,"2020-08-19",64.8,1.90000000000001,13629,4947,5571,56324,17.7,0.5,2.9,9.7,84.3,1.6,1.5,90.3
"76","1766703","1600000US1766703","17","66703","St. Charles city, Illinois",78.6,71.6,"2020-08-19",79.1,-0.5,32772,12708,13278,96197,4.9,1.9,10.6,83,1.4,3.1,1.9,17
"77","1764135","1600000US1764135","17","64135","Ringwood village, Illinois",77.6,67.1,"2020-08-19",81.5,-3.90000000000001,743,275,291,111875,3,0,2.8,90.8,1.3,5,0.1,9.2
"78","1764278","1600000US1764278","17","64278","Riverdale village, Illinois",48.9,34.9,"2020-08-19",55,-6.1,12786,4913,6003,33573,30.6,0.2,3.2,3.4,91.2,0.2,2,96.6
"79","1765806","1600000US1765806","17","65806","Roselle village, Illinois",82.7,74.6,"2020-08-19",79.7,3,22873,8441,8680,85070,4.4,4.1,10.4,74.9,4.4,8,2.3,25.1
"80","1765819","1600000US1765819","17","65819","Rosemont village, Illinois",68.6,56.7,"2020-08-19",70.6,-2,4315,1604,1836,54196,19,13.8,40.2,53.3,3.3,2.5,0.7,46.7
"81","1767548","1600000US1767548","17","67548","Sandwich city, Illinois",78.9,67.6,"2020-08-19",76.7,2.2,7617,2720,2847,66707,8.2,1.2,16.5,82.5,0.1,0.2,0.7,17.5
"82","1764343","1600000US1764343","17","64343","River Grove village, Illinois",67.3,57,"2020-08-19",68.1,-0.799999999999997,10148,3765,4019,55508,11.2,22.5,29.7,66,1.2,1.2,1.9,34
"83","1764421","1600000US1764421","17","64421","Riverside village, Illinois",81.6,74.4,"2020-08-19",78,3.59999999999999,8810,3190,3324,113025,5.7,0.9,14.3,81.2,1.5,2.4,0.6,18.8
"84","1767769","1600000US1767769","17","67769","Sauk Village village, Illinois",60.1,44.2,"2020-08-19",60.1,0,10516,3336,4105,42105,26.8,1.2,10.3,17.6,68.5,0.9,2.7,82.4
"85","1762016","1600000US1762016","17","62016","Prospect Heights city, Illinois",73.9,65.2,"2020-08-19",71.4,2.5,16250,5847,6019,67620,10.4,15.6,31.7,57.4,2.1,8.4,0.4,42.6
"86","1764616","1600000US1764616","17","64616","Robbins village, Illinois",51.2,27.4,"2020-08-19",59.2,-8,5003,1626,2062,26804,38.7,0.4,6.1,5.6,85.2,0.2,2.9,94.4
"87","1764902","1600000US1764902","17","64902","Rockdale village, Illinois",62.3,48.5,"2020-08-19",68.5,-6.2,1932,729,801,52784,10.9,8.1,41.6,50.9,6.8,0.4,0.3,49.1
"88","1768003","1600000US1768003","17","68003","Schaumburg village, Illinois",78.7,72.2,"2020-08-19",75.1,3.60000000000001,74569,29735,31746,79740,6.6,6,10.9,57.7,3.6,25,2.8,42.3
"89","1768081","1600000US1768081","17","68081","Schiller Park village, Illinois",68.3,49.1,"2020-08-19",67.8,0.5,11704,4291,4545,54617,13.1,23.1,24.7,65.8,1,4.6,3.9,34.2
"90","1766027","1600000US1766027","17","66027","Round Lake village, Illinois",77,70.7,"2020-08-19",77.2,-0.200000000000003,18489,5747,5958,79543,6.3,6.1,30.1,47.1,10,10.6,2.2,52.9
"91","1766053","1600000US1766053","17","66053","Round Lake Heights village, Illinois",76.4,67.4,"2020-08-19",75,1.40000000000001,3208,858,920,75238,14.9,4.7,46.5,45.7,3.8,3.3,0.7,54.3
"92","1766066","1600000US1766066","17","66066","Round Lake Park village, Illinois",78.1,64,"2020-08-19",80.6,-2.5,8057,3140,3285,47256,12.8,6.1,47.8,45.7,4.3,1.2,1,54.3
"93","1772923","1600000US1772923","17","72923","Stone Park village, Illinois",53.8,43.6,"2020-08-19",70.1,-16.3,4923,1264,1416,59022,19.4,26.3,88.6,4.8,2.7,3.1,0.8,95.2
"94","1773157","1600000US1773157","17","73157","Streamwood village, Illinois",81.5,73.1,"2020-08-19",79,2.5,40413,13193,13755,80072,5.4,7.9,34.4,46.9,4.2,12.3,2.2,53.1
"95","1770629","1600000US1770629","17","70629","South Chicago Heights village, Illinois",59.9,30.3,"2020-08-19",66.6,-6.7,4105,1481,1667,38082,26.2,5.3,46.4,36.9,14.6,0,2.1,63.1
"96","1770720","1600000US1770720","17","70720","South Elgin village, Illinois",79,72.6,"2020-08-19",80.2,-1.2,22522,7246,7344,93617,6.1,1.6,18.6,70.3,3.2,5.6,2.3,29.7
"97","1770850","1600000US1770850","17","70850","South Holland village, Illinois",75.6,55.2,"2020-08-19",75.9,-0.300000000000011,21866,7219,7790,62951,12.2,1.4,4.8,12.9,81.3,0.5,0.5,87.1
"98","1773391","1600000US1773391","17","73391","Sugar Grove village, Illinois",81,75.2,"2020-08-19",80.1,0.900000000000006,9545,3335,3375,115063,2.7,1.5,8,82.2,5.8,3.3,0.7,17.8
"99","1773638","1600000US1773638","17","73638","Summit village, Illinois",52.8,29.4,"2020-08-19",63.2,-10.4,11340,3268,3750,46417,19.1,19.7,73.8,15.9,6,4.1,0.2,84.1
"100","1774275","1600000US1774275","17","74275","Symerton village, Illinois",76.7,60.5,"2020-08-19",75,1.7,105,34,34,67500,1,0,0,100,0,0,0,0
"101","1772520","1600000US1772520","17","72520","Steger village, Illinois",62.2,49.7,"2020-08-19",71.1,-8.89999999999999,9439,4297,4782,46645,15,1.7,15,57.5,25,1.1,1.4,42.5
"102","1770161","1600000US1770161","17","70161","Sleepy Hollow village, Illinois",83.4,77.1,"2020-08-19",84.7,-1.3,3319,1218,1231,108906,3.6,1.1,10.4,83,1.1,2.1,3.4,17
"103","1770122","1600000US1770122","17","70122","Skokie village, Illinois",79.2,71.2,"2020-08-19",73.7,5.5,64395,22446,24118,74272,8.8,14,11,49.6,8,26.9,4.5,50.4
"104","1772676","1600000US1772676","17","72676","Stickney village, Illinois",74.7,62.4,"2020-08-19",72.7,2,6732,2260,2477,59467,6,6,54.4,39.2,0.5,2.1,3.8,60.8
"105","1710906","1600000US1710906","17","10906","Campton Hills village, Illinois",84,79.1,"2020-08-19",84.9,-0.900000000000006,11348,3534,3595,139500,2.5,0.4,3.1,94.2,0.5,1,1.2,5.8
"106","1711358","1600000US1711358","17","11358","Carpentersville village, Illinois",73.7,61.4,"2020-08-19",72.7,1,38138,10824,11195,62620,16.1,8.7,50.5,32.2,8.1,7.8,1.4,67.8
"107","1711592","1600000US1711592","17","11592","Cary village, Illinois",85.3,79.1,"2020-08-19",84,1.3,17871,6278,6485,99652,6.5,1.8,8.2,84.4,1.7,3.5,2.2,15.6
"108","1712476","1600000US1712476","17","12476","Channahon village, Illinois",79.9,72.4,"2020-08-19",82.3,-2.39999999999999,12718,4085,4169,91372,7.5,0.3,9.7,87.7,0.7,0.3,1.6,12.3
"109","1714000","1600000US1714000","17","14000","Chicago city, Illinois",57.4,47.6,"2020-08-19",62.4,-5,2718555,1056118,1208839,55198,19.5,8.4,29,32.8,29.7,6.4,2.1,67.2
"110","1714065","1600000US1714065","17","14065","Chicago Ridge village, Illinois",66.8,56.8,"2020-08-19",69.3,-2.5,14254,5159,5560,42306,26.1,8,9.3,74.7,11.9,3.2,0.9,25.3
"111","1714351","1600000US1714351","17","14351","Cicero town, Illinois",50.9,38.4,"2020-08-19",61.8,-10.9,83147,22226,24582,47487,18.2,18,89.2,6.8,3.1,0.6,0.3,93.2
"112","1714572","1600000US1714572","17","14572","Clarendon Hills village, Illinois",80.6,74.1,"2020-08-19",80.2,0.399999999999991,8711,3200,3377,126500,5,1.3,10.1,81.1,0.3,6.8,1.7,18.9
"113","1715170","1600000US1715170","17","15170","Coal City village, Illinois",77,67.1,"2020-08-19",78.8,-1.8,5427,2215,2350,71406,7.6,0.5,4.2,91.8,1.1,0.9,2,8.2
"114","1784038","1600000US1784038","17","84038","Yorkville city, Illinois",80,73.5,"2020-08-19",76.1,3.90000000000001,19145,6175,6458,95180,5.3,1,13.1,74.5,6.4,4.1,1.9,25.5
"115","1784220","1600000US1784220","17","84220","Zion city, Illinois",60.9,49,"2020-08-19",64.2,-3.3,24047,7820,8740,51039,19.5,2.5,28.8,33.3,29.6,4,4.3,66.7
"116","1701595","1600000US1701595","17","01595","Antioch village, Illinois",75.8,68.1,"2020-08-19",77.9,-2.10000000000001,14305,5035,5451,87604,6.5,1.3,8.1,83,3.5,1.6,3.8,17
"117","1704303","1600000US1704303","17","04303","Beach Park village, Illinois",74.5,64.8,"2020-08-19",76.2,-1.7,13534,4682,5046,74492,7.6,1.7,28.4,52.8,11.1,3.8,3.9,47.2
"118","1706587","1600000US1706587","17","06587","Bloomingdale village, Illinois",81,73.1,"2020-08-19",77,4,22138,8581,8834,85105,6,5.4,12.2,69.7,3.2,13.4,1.5,30.3
"119","1708225","1600000US1708225","17","08225","Bridgeview village, Illinois",66.4,55.6,"2020-08-19",68.2,-1.8,16440,5535,5900,54025,18.8,17.1,22.7,66.2,3.6,6.4,1.1,33.8
"120","1708446","1600000US1708446","17","08446","Broadview village, Illinois",71.5,59.4,"2020-08-19",69.5,2,7829,3204,3418,49236,8.8,0.8,3.4,14.9,74.5,3,4.2,85.1
"121","1708576","1600000US1708576","17","08576","Brookfield village, Illinois",79.3,71.4,"2020-08-19",77.8,1.5,18858,6975,7599,81192,7.8,2.7,22.9,68.6,5.4,1.9,1.2,31.4
"122","1709759","1600000US1709759","17","09759","Burlington village, Illinois",49,45.6,"2020-08-19",73.2,-24.2,668,239,263,91875,2.9,0,3.9,95.7,0,0,0.4,4.3
"123","1709980","1600000US1709980","17","09980","Burr Ridge village, Illinois",78.3,70.8,"2020-08-19",76,2.3,10795,4299,4489,144609,3,1.2,4.1,77.1,1.4,16.1,1.3,22.9
"124","1711332","1600000US1711332","17","11332","Carol Stream village, Illinois",76.7,69.9,"2020-08-19",76.7,0,39989,14119,14591,79909,8.8,6,14.9,57.2,7.5,19.2,1.2,42.8
"125","1714026","1600000US1714026","17","14026","Chicago Heights city, Illinois",55.6,41,"2020-08-19",62,-6.4,30087,10037,11817,47592,25.2,5.5,36.8,20.5,39.9,0.1,2.7,79.5
"126","1716691","1600000US1716691","17","16691","Country Club Hills city, Illinois",70.9,58.2,"2020-08-19",68,2.90000000000001,16801,5824,6525,59353,8.7,0.7,6.2,5.1,85.7,2.3,0.7,94.9
"127","1716873","1600000US1716873","17","16873","Countryside city, Illinois",75.2,62.1,"2020-08-19",73.1,2.10000000000001,5997,2544,2636,55714,8.4,6.1,24,69.5,2.6,1.2,2.7,30.5
"128","1717458","1600000US1717458","17","17458","Crest Hill city, Illinois",72.5,60.9,"2020-08-19",72.9,-0.400000000000006,20379,6967,7464,54594,12,3.4,17.5,53.4,22.6,3.6,2.9,46.6
"129","1717497","1600000US1717497","17","17497","Crestwood village, Illinois",75.8,48.6,"2020-08-19",76.4,-0.600000000000009,10901,4988,5702,59712,9.5,1,8.7,82.6,6.3,2.2,0.2,17.4
"130","1717523","1600000US1717523","17","17523","Crete village, Illinois",76.8,66.4,"2020-08-19",77.9,-1.10000000000001,8184,3063,3457,73736,3.6,0.6,8.9,56.4,32.5,0.3,1.9,43.6
"131","1717887","1600000US1717887","17","17887","Crystal Lake city, Illinois",82.2,74.7,"2020-08-19",78.8,3.40000000000001,40170,14701,15506,87221,7.2,2,12.5,81.6,1.4,2.7,1.8,18.4
"132","1718628","1600000US1718628","17","18628","Darien city, Illinois",84,75.3,"2020-08-19",82.2,1.8,22126,8933,9278,90904,5.9,4.3,5.6,75.8,3.5,12,3.1,24.2
"133","1719083","1600000US1719083","17","19083","Deer Park village, Illinois",74.6,67.4,"2020-08-19",83.9,-9.30000000000001,3668,1229,1356,171042,2.1,1.6,1.5,87.2,0.6,10,0.7,12.8
"134","1719642","1600000US1719642","17","19642","Des Plaines city, Illinois",77.4,66.2,"2020-08-19",77.4,0,58694,22036,22960,67636,8.7,10.4,18.6,63.7,2.1,13.7,1.9,36.3
"135","1718992","1600000US1718992","17","18992","Deerfield village, Illinois",85,78.8,"2020-08-19",84.5,0.5,18930,7013,7415,144229,2.7,1.5,3.1,91.2,0.8,3.9,1,8.8
"136","1720292","1600000US1720292","17","20292","Dolton village, Illinois",64,42.4,"2020-08-19",64.1,-0.0999999999999943,22927,7690,8834,45402,23.3,0.5,2.2,4.7,90.5,0.5,2.1,95.3
"137","1720591","1600000US1720591","17","20591","Downers Grove village, Illinois",81.9,73.7,"2020-08-19",81,0.900000000000006,49644,20268,21241,88105,5.6,2.9,4.5,84.6,3.6,5.9,1.4,15.4
"138","1723256","1600000US1723256","17","23256","Elk Grove Village village, Illinois",83.6,74.9,"2020-08-19",81.4,2.19999999999999,32997,13224,13786,79680,3.8,5.8,11.9,75,1.2,10.2,1.7,25
"139","1724634","1600000US1724634","17","24634","Evergreen Park village, Illinois",77.5,66.8,"2020-08-19",77.6,-0.0999999999999943,19666,6998,7298,72054,7.2,1.3,12.9,59.9,24.7,0.7,1.8,40.1
"140","1729652","1600000US1729652","17","29652","Glencoe village, Illinois",81.4,76.6,"2020-08-19",81.3,0.100000000000009,8919,3234,3528,209143,2.3,1.2,5.5,88.6,1.5,3.6,0.8,11.4
"141","1729938","1600000US1729938","17","29938","Glenview village, Illinois",79.9,72.4,"2020-08-19",80.3,-0.399999999999991,47333,17482,18435,110402,4.5,6.1,7.1,76.5,1.4,13.2,1.8,23.5
"142","1733851","1600000US1733851","17","33851","Hebron village, Illinois",71.5,59.3,"2020-08-19",75.7,-4.2,1384,487,536,60750,6.8,0.6,18.1,77.4,1.4,0,3.1,22.6
"143","1734722","1600000US1734722","17","34722","Highland Park city, Illinois",79.1,72.1,"2020-08-19",78.4,0.699999999999989,29731,11564,12418,147962,5,1.5,7.3,87.1,1.4,2.4,1.8,12.9
"144","1735385","1600000US1735385","17","35385","Hodgkins village, Illinois",55.1,39.1,"2020-08-19",66.1,-11,1967,688,733,45682,16.1,12.1,50.7,46.6,1.3,1,0.4,53.4
"145","1735515","1600000US1735515","17","35515","Holiday Hills village, Illinois",78.3,64.6,"2020-08-19",79,-0.700000000000003,740,278,291,73947,9.5,0,6.1,87.7,0,3.6,2.6,12.3
"146","1735835","1600000US1735835","17","35835","Homer Glen village, Illinois",83.1,74.1,"2020-08-19",82.5,0.599999999999994,24467,8292,8561,103048,3.9,3,6.7,89.6,0.5,2.2,1,10.4
"147","1719837","1600000US1719837","17","19837","Diamond village, Illinois",72.7,61,"2020-08-19",75.7,-3,2707,1029,1045,60417,7.8,0,6.7,90.4,1.4,0,1.5,9.6
"148","1720149","1600000US1720149","17","20149","Dixmoor village, Illinois",46.7,27.7,"2020-08-19",62.9,-16.2,3657,1221,1522,39955,31.7,2.7,40.8,10.1,49.1,0,0,89.9
"149","1721696","1600000US1721696","17","21696","East Dundee village, Illinois",79.5,69.9,"2020-08-19",81.3,-1.8,3183,1351,1407,69514,7.1,1.3,20.7,72,0,7.3,0,28
"150","1721904","1600000US1721904","17","21904","East Hazel Crest village, Illinois",62.9,51.7,"2020-08-19",66.7,-3.8,1694,642,704,55938,8,5.3,15.2,27.7,56.2,0.6,0.3,72.3
"151","1722931","1600000US1722931","17","22931","Elburn village, Illinois",81.1,75.5,"2020-08-19",78.3,2.8,5823,1830,1830,108500,3.8,0,16,75,1.7,4.8,2.5,25
"152","1723074","1600000US1723074","17","23074","Elgin city, Illinois",71.5,62.8,"2020-08-19",73,-1.5,113023,36682,39172,67029,11.7,8.4,45.2,40.9,5.5,6.2,2.2,59.1
"153","1723620","1600000US1723620","17","23620","Elmhurst city, Illinois",82.3,74.6,"2020-08-19",82.3,0,46331,16074,17001,113207,3.5,1.2,8.3,82.4,1.4,6,1.9,17.6
"154","1723724","1600000US1723724","17","23724","Elmwood Park village, Illinois",65.8,53.3,"2020-08-19",68.3,-2.5,24680,9232,9871,58333,9,12.3,30.6,61.1,2.9,4.6,0.8,38.9
"155","1723945","1600000US1723945","17","23945","Elwood village, Illinois",72.8,34,"2020-08-19",76.2,-3.40000000000001,2396,894,941,75469,10.3,0.4,6.8,89.5,1.1,0.6,2,10.5
"156","1737257","1600000US1737257","17","37257","Indian Head Park village, Illinois",82.8,71,"2020-08-19",75.1,7.7,3812,1658,1722,82967,2.2,3.1,7.5,86.1,1,2.9,2.5,13.9
"157","1740793","1600000US1740793","17","40793","La Grange Park village, Illinois",80.2,71.4,"2020-08-19",79.2,1,13491,5094,5391,95466,5.4,1.4,12.6,81,3.9,1.6,0.9,19
"158","1740910","1600000US1740910","17","40910","Lake Bluff village, Illinois",84.3,79.1,"2020-08-19",83,1.3,5612,1988,2071,162109,1.7,0.8,1.7,89.8,0.6,7.3,0.6,10.2
"159","1741183","1600000US1741183","17","41183","Lake in the Hills village, Illinois",84.4,78,"2020-08-19",81,3.40000000000001,28832,9601,9766,90984,4.9,2.3,12.1,77.7,2.4,5.3,2.5,22.3
"160","1743900","1600000US1743900","17","43900","Lisbon village, Illinois",77.4,67,"2020-08-19",77.3,0.100000000000009,414,126,133,62222,2.4,0,2.2,94.7,0.5,0,2.6,5.3
"161","1748554","1600000US1748554","17","48554","Merrionette Park village, Illinois",68,53.3,"2020-08-19",73.2,-5.2,2163,908,1006,51951,6.1,0.4,15.8,74.4,8.6,0,1.2,25.6
"162","1748892","1600000US1748892","17","48892","Midlothian village, Illinois",73.1,61.8,"2020-08-19",72.5,0.599999999999994,14718,5385,5908,61606,8.9,2.3,24.9,61.3,8.3,2.6,2.9,38.7
"163","1749308","1600000US1749308","17","49308","Millington village, Illinois",73,60.1,"2020-08-19",77.1,-4.09999999999999,651,244,305,67045,12.1,0,5.2,94.8,0,0,0,5.2
"164","1749607","1600000US1749607","17","49607","Minooka village, Illinois",78.8,72.3,"2020-08-19",76,2.8,11291,3515,3699,85293,7.5,0,17.8,78.8,1.5,0.8,1.1,21.2
"165","1751089","1600000US1751089","17","51089","Mount Prospect village, Illinois",78.9,70.5,"2020-08-19",76.5,2.40000000000001,55127,20665,21798,73652,5.8,12.5,17.3,65.7,2.6,12.3,2.1,34.3
"166","1724582","1600000US1724582","17","24582","Evanston city, Illinois",73.8,68.1,"2020-08-19",72.8,1,75157,28524,31716,77848,13.3,3.6,11.8,59.4,16.2,9.2,3.4,40.6
"167","1726571","1600000US1726571","17","26571","Flossmoor village, Illinois",82.2,75.7,"2020-08-19",80.2,2,9427,3329,3566,106794,9.2,0.4,3.8,35.4,59.3,0.9,0.6,64.6
"168","1726710","1600000US1726710","17","26710","Ford Heights village, Illinois",42.8,22.8,"2020-08-19",54.6,-11.8,2755,920,1195,29063,42.4,1.4,4,1.2,88.6,0.6,5.6,98.8
"169","1726935","1600000US1726935","17","26935","Forest Park village, Illinois",68.2,60.2,"2020-08-19",68.1,0.100000000000009,14041,7115,7574,59361,10.6,1.8,7.3,55,26.6,8.2,2.9,45
"170","1727442","1600000US1727442","17","27442","Fox Lake village, Illinois",67.6,57.4,"2020-08-19",68.7,-1.10000000000001,10606,4551,5307,59635,9.4,1.3,7.5,86.6,1.1,1.8,3,13.4
"171","1727533","1600000US1727533","17","27533","Fox River Grove village, Illinois",83.2,76.8,"2020-08-19",81,2.2,4899,1809,1809,111934,4.1,1,7.9,89,0,1.4,1.7,11
"172","1727624","1600000US1727624","17","27624","Frankfort village, Illinois",83.4,77.1,"2020-08-19",82.9,0.5,18850,6067,6363,128309,3.7,0.2,5.3,82.9,7.3,3.2,1.3,17.1
"173","1727702","1600000US1727702","17","27702","Franklin Park village, Illinois",71,60.6,"2020-08-19",73.5,-2.5,18138,6270,6775,62861,6.2,12.1,46.7,48,0.3,3.5,1.5,52
"174","1753559","1600000US1753559","17","53559","North Chicago city, Illinois",52.3,39,"2020-08-19",60.8,-8.5,30011,7219,8530,42126,22.8,9.2,33.3,31.7,25.2,5.3,4.5,68.3
"175","1757407","1600000US1757407","17","57407","Palos Park village, Illinois",79.3,69.3,"2020-08-19",81.2,-1.90000000000001,4907,1972,2076,92143,3.7,2.4,11.6,85.6,0.6,0.9,1.3,14.4
"176","1757732","1600000US1757732","17","57732","Park Forest village, Illinois",68.4,58.6,"2020-08-19",68.8,-0.399999999999991,21699,8302,9257,51267,15.7,0.7,5.1,25.4,64.3,0.5,4.7,74.6
"177","1759572","1600000US1759572","17","59572","Phoenix village, Illinois",54.6,27.8,"2020-08-19",67.5,-12.9,2020,721,869,36080,21.2,3.7,12.9,2.8,81.8,0,2.5,97.2
"178","1760391","1600000US1760391","17","60391","Plattville village, Illinois",72.2,66.7,"2020-08-19",79.3,-7.09999999999999,279,95,95,84375,19.7,1.1,2.9,96.8,0.4,0,-0.1,3.2
"179","1761678","1600000US1761678","17","61678","Prairie Grove village, Illinois",83.4,76.5,"2020-08-19",81.8,1.60000000000001,1826,662,710,112143,3.5,0,4.5,87,3.5,4.1,0.9,13
"180","1764304","1600000US1764304","17","64304","River Forest village, Illinois",82.2,76.9,"2020-08-19",79.8,2.40000000000001,11064,3965,4291,121908,3.9,2.9,5.9,81.9,5.7,4.4,2.1,18.1
"181","1764538","1600000US1764538","17","64538","Riverwoods village, Illinois",82.3,76,"2020-08-19",79.9,2.39999999999999,3656,1245,1441,209825,6.7,2,4,86.1,0.1,7.7,2.1,13.9
"182","1765338","1600000US1765338","17","65338","Rolling Meadows city, Illinois",78.5,71.1,"2020-08-19",77.5,1,23229,8847,9263,68445,6,9.5,23.8,59.9,4.3,10,2,40.1
"183","1766040","1600000US1766040","17","66040","Round Lake Beach village, Illinois",74.9,61.5,"2020-08-19",77.5,-2.59999999999999,27692,8277,8766,68577,10.3,7.6,47.8,42.3,4.5,3.3,2.1,57.7
"184","1769758","1600000US1769758","17","69758","Shorewood village, Illinois",82.8,75.1,"2020-08-19",82.3,0.5,17026,5816,5954,102730,5.2,0.9,13,76.5,5.2,2.7,2.6,23.5
"185","1770564","1600000US1770564","17","70564","South Barrington village, Illinois",83.8,79,"2020-08-19",79.1,4.7,4872,1467,1492,158393,4,0.4,1.1,56.4,0.9,38.3,3.3,43.6
"186","1728872","1600000US1728872","17","28872","Geneva city, Illinois",84,78.4,"2020-08-19",83.1,0.900000000000006,21799,8048,8406,111232,4.3,0.8,5.5,92,0.1,1.4,1,8
"187","1729171","1600000US1729171","17","29171","Gilberts village, Illinois",82.8,78.5,"2020-08-19",80.7,2.09999999999999,7742,2406,2542,104114,2,0,17,60.1,8.2,13.4,1.3,39.9
"188","1729730","1600000US1729730","17","29730","Glendale Heights village, Illinois",72.9,65.4,"2020-08-19",70.6,2.30000000000001,34280,11418,12097,65756,9.4,11.2,31.3,33.7,7.2,22.6,5.2,66.3
"189","1729756","1600000US1729756","17","29756","Glen Ellyn village, Illinois",82,75,"2020-08-19",79.9,2.09999999999999,27958,10599,11147,110669,6.3,3.1,4.7,82.2,3,8,2.1,17.8
"190","1730029","1600000US1730029","17","30029","Glenwood village, Illinois",71.4,51.3,"2020-08-19",72.4,-1,8766,2954,3396,65441,11.2,1.2,7.4,18.8,70.3,0.4,3.1,81.2
"191","1730120","1600000US1730120","17","30120","Godley village, Illinois",62.4,47.6,"2020-08-19",73.4,-11,651,223,261,49531,15.2,0,1.1,96.9,0,0,2,3.1
"192","1730328","1600000US1730328","17","30328","Golf village, Illinois",85.8,81.7,"2020-08-19",79.2,6.59999999999999,565,153,165,200750,0.4,0,8.3,86.2,0.2,5,0.3,13.8
"193","1731121","1600000US1731121","17","31121","Grayslake village, Illinois",83.1,77.6,"2020-08-19",80.4,2.69999999999999,21195,7940,8090,91420,8,2.5,11.1,73.6,3.9,7.5,3.9,26.4
"194","1731446","1600000US1731446","17","31446","Green Oaks village, Illinois",84.1,77.1,"2020-08-19",85.9,-1.80000000000001,3851,1161,1193,161094,3.6,1.9,4.2,83.2,3.6,6.3,2.7,16.8
"195","1731667","1600000US1731667","17","31667","Greenwood village, Illinois",75,59.4,"2020-08-19",69.1,5.90000000000001,249,95,100,89063,3.6,0,6.4,92.8,0,0.8,0,7.2
"196","1732018","1600000US1732018","17","32018","Gurnee village, Illinois",81,73.8,"2020-08-19",79.2,1.8,30854,11432,11885,93967,4.5,2.4,13.6,62.7,7.3,12.4,4,37.3
"197","1732200","1600000US1732200","17","32200","Hainesville village, Illinois",81.2,75.6,"2020-08-19",81.1,0.100000000000009,3656,1334,1354,86643,3,3.1,18.3,75.2,1.6,2.5,2.4,24.8
"198","1732525","1600000US1732525","17","32525","Hampshire village, Illinois",72.2,66.3,"2020-08-19",77.9,-5.7,5852,1733,1844,102418,5.8,0,4.8,93.8,0,1.4,0,6.2
"199","1732746","1600000US1732746","17","32746","Hanover Park village, Illinois",75.9,68.4,"2020-08-19",73.5,2.40000000000001,38275,11171,11442,74638,10.5,7.5,39.9,35.1,6.3,15.2,3.5,64.9
"200","1775484","1600000US1775484","17","75484","Tinley Park village, Illinois",81.9,72.5,"2020-08-19",81.2,0.700000000000003,56898,21351,22385,76183,8.1,2.9,10.1,81.4,4.3,3,1.2,18.6
"201","1775874","1600000US1775874","17","75874","Tower Lakes village, Illinois",86.9,79.9,"2020-08-19",85,1.90000000000001,1205,401,451,145156,4.6,1,1.2,95.9,2.2,0.2,0.5,4.1
"202","1776706","1600000US1776706","17","76706","Union village, Illinois",78.2,67.2,"2020-08-19",77,1.2,509,168,200,64063,16.9,0,6.7,93.3,0,0,0,6.7
"203","1776935","1600000US1776935","17","76935","University Park village, Illinois",56.9,49,"2020-08-19",61.2,-4.3,7115,2584,3041,53929,7.8,0,2.6,7,85.5,0.3,4.6,93
"204","1777694","1600000US1777694","17","77694","Vernon Hills village, Illinois",78.8,72.7,"2020-08-19",79.3,-0.5,26259,9752,10477,97366,6.2,8.6,12.3,58.7,3,23.1,2.9,41.3
"205","1777993","1600000US1777993","17","77993","Villa Park village, Illinois",77.6,69.1,"2020-08-19",76.3,1.3,21893,8101,8459,71918,8.8,4.8,23.1,65.5,4.8,5.1,1.5,34.5
"206","1778175","1600000US1778175","17","78175","Virgil village, Illinois",67.5,59.3,"2020-08-19",81.2,-13.7,400,127,142,88250,6.3,0,10.3,78.3,11.3,0.3,-0.2,21.7
"207","1778227","1600000US1778227","17","78227","Volo village, Illinois",79.5,75.8,"2020-08-19",71.9,7.59999999999999,4750,1617,1781,93750,2.4,4.3,12.2,81.3,2.9,2.4,1.2,18.7
"208","1778370","1600000US1778370","17","78370","Wadsworth village, Illinois",81.2,71.5,"2020-08-19",84.1,-2.89999999999999,3584,1393,1393,103011,5.6,1.1,5.5,82.5,7.3,2.7,2,17.5
"209","1772052","1600000US1772052","17","72052","Spring Grove village, Illinois",87.8,82,"2020-08-19",86.2,1.59999999999999,5792,2002,2002,112143,2.7,0,4.2,92.9,0,0.8,2.1,7.1
"210","1775081","1600000US1775081","17","75081","Third Lake village, Illinois",88.7,81.7,"2020-08-19",85.1,3.60000000000001,1133,409,424,122708,3.9,0.7,7,92.5,0,0.3,0.2,7.5
"211","1775185","1600000US1775185","17","75185","Thornton village, Illinois",74.1,62.3,"2020-08-19",76.6,-2.5,2478,1033,1103,57774,10.2,0.9,11.8,69.5,15.9,1.6,1.2,30.5
"212","1776160","1600000US1776160","17","76160","Trout Valley village, Illinois",91.3,88.3,"2020-08-19",84.2,7.09999999999999,481,175,191,139375,2.1,0,3.3,94.4,0,1,1.3,5.6
"213","1779293","1600000US1779293","17","79293","Waukegan city, Illinois",61.2,48.8,"2020-08-19",69.5,-8.3,87571,29077,31590,48752,17.5,12.5,55.6,19.4,17,5.3,2.7,80.6
"214","1780047","1600000US1780047","17","80047","Westchester village, Illinois",82.3,72.1,"2020-08-19",82.7,-0.400000000000006,16573,6557,6927,80412,5.4,1.4,21.6,55.3,17.2,3.8,2.1,44.7
"215","1780242","1600000US1780242","17","80242","Western Springs village, Illinois",86.4,80.2,"2020-08-19",86.5,-0.0999999999999943,13227,4401,4586,161563,3.2,0.7,4.8,92.8,0.7,0.9,0.8,7.2
"216","1781087","1600000US1781087","17","81087","Wheeling village, Illinois",71.7,63.6,"2020-08-19",71.5,0.200000000000003,38424,14019,14757,66243,11,16.8,30.6,45.9,3.1,18.2,2.2,54.1
"217","1726987","1600000US1726987","17","26987","Forest View village, Illinois",74.9,63.6,"2020-08-19",79.8,-4.89999999999999,892,290,310,64063,1.6,5.5,50.9,46.9,0,1.1,1.1,53.1
"218","1733383","1600000US1733383","17","33383","Harvey city, Illinois",43.1,25.6,"2020-08-19",53.7,-10.6,24599,8743,11531,28349,33.6,3.6,22.9,3.7,70,1.9,1.5,96.3
"219","1737218","1600000US1737218","17","37218","Indian Creek village, Illinois",84.9,77.6,"2020-08-19",83.5,1.40000000000001,596,190,190,143750,9.8,3.7,7.6,65.3,4,21.5,1.6,34.7
"220","1733331","1600000US1733331","17","33331","Harvard city, Illinois",66.7,55.2,"2020-08-19",69.6,-2.89999999999999,9292,2952,3282,53169,13.2,11.6,49.8,48.8,0.3,0.1,1,51.2
"221","1733435","1600000US1733435","17","33435","Harwood Heights village, Illinois",70.8,59.6,"2020-08-19",70.6,0.200000000000003,8552,3538,3895,60643,12.1,18.8,13.7,73.6,0.5,12,0.2,26.4
"222","1733630","1600000US1733630","17","33630","Hawthorn Woods village, Illinois",82.6,78.9,"2020-08-19",86.3,-3.7,8047,2578,2673,170313,2.4,1.6,2.9,85.2,1.6,9.6,0.7,14.8
"223","1733695","1600000US1733695","17","33695","Hazel Crest village, Illinois",66.3,43.3,"2020-08-19",67.2,-0.900000000000006,13729,5192,5761,51083,16.5,0.6,3.9,8.2,87.1,0.1,0.7,91.8
"224","1734514","1600000US1734514","17","34514","Hickory Hills city, Illinois",72.2,61.8,"2020-08-19",71.2,1,14018,4957,5480,66413,9.2,12,17.9,77.4,3.1,0.6,1,22.6
"225","1734865","1600000US1734865","17","34865","Highwood city, Illinois",68.4,59.9,"2020-08-19",71.3,-2.89999999999999,5361,1994,2094,57321,17.3,10.7,47.9,45.6,3.2,2.6,0.7,54.4
"226","1735086","1600000US1735086","17","35086","Hillside village, Illinois",71.9,61.5,"2020-08-19",69.5,2.40000000000001,8096,2953,3220,53551,7.3,5.2,31.5,21.3,45.1,0.5,1.6,78.7
"227","1735307","1600000US1735307","17","35307","Hinsdale village, Illinois",78.1,72.5,"2020-08-19",77.4,0.699999999999989,17654,5778,6221,188684,2.9,1.6,4.5,81.1,1.2,11.3,1.9,18.9
"228","1735411","1600000US1735411","17","35411","Hoffman Estates village, Illinois",80.5,74.2,"2020-08-19",77.2,3.3,51282,17603,18449,89666,4.5,6.7,16.6,50.1,4.6,25.9,2.8,49.9
"229","1735866","1600000US1735866","17","35866","Hometown city, Illinois",77.9,61.8,"2020-08-19",83.1,-5.19999999999999,4308,1718,1861,49359,8.1,1.5,16.2,79.3,1.2,0.2,3.1,20.7
"230","1735879","1600000US1735879","17","35879","Homewood village, Illinois",80.3,69.1,"2020-08-19",78.9,1.39999999999999,19592,7604,7872,73106,6.2,0.9,5.6,47.5,42.1,2.1,2.7,52.5
"231","1736750","1600000US1736750","17","36750","Huntley village, Illinois",87.1,77.1,"2020-08-19",81.2,5.89999999999999,26486,10992,11712,75597,5,3.6,11.6,78.9,2.1,6,1.4,21.1
"232","1737608","1600000US1737608","17","37608","Inverness village, Illinois",83.7,77.1,"2020-08-19",81,2.7,7747,2702,2896,180541,1.2,2.2,0.8,80.8,0.6,14.9,2.9,19.2
"233","1744225","1600000US1744225","17","44225","Lockport city, Illinois",80.7,73,"2020-08-19",79.5,1.2,25226,8853,9362,84147,5.6,1.4,8.3,87.3,1.8,1.7,0.9,12.7
"234","1754560","1600000US1754560","17","54560","Oakbrook Terrace city, Illinois",55.7,49.9,"2020-08-19",67.5,-11.8,2912,1260,1393,71719,7.1,2,14.2,59.1,4.1,20.1,2.5,40.9
"235","1737894","1600000US1737894","17","37894","Island Lake village, Illinois",80,71.7,"2020-08-19",78.3,1.7,8056,3149,3268,77129,6.6,2.4,14.3,83,0.4,1.3,1,17
"236","1737907","1600000US1737907","17","37907","Itasca village, Illinois",77.4,70.4,"2020-08-19",75.4,2,9042,3463,3603,88878,3.6,3.3,13,77.8,2.2,5.2,1.8,22.2
"237","1738479","1600000US1738479","17","38479","Johnsburg village, Illinois",81,73,"2020-08-19",79.8,1.2,6333,2138,2278,114344,4,1.3,3.9,89.9,0.8,2.4,3,10.1
"238","1738570","1600000US1738570","17","38570","Joliet city, Illinois",70.4,57.1,"2020-08-19",73.6,-3.19999999999999,147957,47360,50988,67504,11.2,6.1,29.6,49.1,16.7,2.1,2.5,50.9
"239","1700243","1600000US1700243","17","00243","Addison village, Illinois",70.2,60.5,"2020-08-19",73.4,-3.2,37089,12608,13137,64377,12.9,14.5,40.6,44.7,3.8,9.4,1.5,55.3
"240","1700685","1600000US1700685","17","00685","Algonquin village, Illinois",84.4,78.2,"2020-08-19",81.4,3,30709,10790,11465,104532,3.2,2.1,6.3,82.6,1.3,8.4,1.4,17.4
"241","1701010","1600000US1701010","17","01010","Alsip village, Illinois",72.9,53.8,"2020-08-19",72.4,0.5,19179,7213,7597,58566,10.2,2.2,21.9,53.3,22.1,1.1,1.6,46.7
"242","1778929","1600000US1778929","17","78929","Warrenville city, Illinois",81.6,75.2,"2020-08-19",78.9,2.69999999999999,13311,4872,5135,81296,7.2,1.9,19,68.9,4.5,5.5,2.1,31.1
"243","1702154","1600000US1702154","17","02154","Arlington Heights village, Illinois",82.1,74.8,"2020-08-19",80.5,1.59999999999999,75724,31070,32563,90835,4.6,6.6,5.6,81.7,1.4,10,1.3,18.3
"244","1703012","1600000US1703012","17","03012","Aurora city, Illinois",71.6,62.9,"2020-08-19",72,-0.400000000000006,200660,63204,66916,69730,12.6,8.5,42.9,36.3,10.6,8.1,2.1,63.7
"245","1703610","1600000US1703610","17","03610","Bannockburn village, Illinois",63.9,57.8,"2020-08-19",76.3,-12.4,1325,225,270,126875,4.4,0.9,8.4,70.1,7.9,9.1,4.5,29.9
"246","1703844","1600000US1703844","17","03844","Barrington village, Illinois",80.1,72.3,"2020-08-19",80.2,-0.100000000000009,10304,3868,4258,115833,4.1,3,6.8,85.7,1,5.2,1.3,14.3
"247","1703883","1600000US1703883","17","03883","Barrington Hills village, Illinois",70,64.4,"2020-08-19",72.8,-2.8,3916,1441,1749,158015,4.8,4.1,1.6,80.9,1.3,15.8,0.4,19.1
"248","1704013","1600000US1704013","17","04013","Bartlett village, Illinois",84.9,78.3,"2020-08-19",83.6,1.30000000000001,41316,13388,14048,105245,4.5,2.6,13.1,67.5,1.6,15.7,2.1,32.5
"249","1704078","1600000US1704078","17","04078","Batavia city, Illinois",81.8,75.1,"2020-08-19",82,-0.200000000000003,26282,9748,10209,92522,5.5,1.2,7.7,86.3,1.9,1.9,2.2,13.7
"250","1704572","1600000US1704572","17","04572","Bedford Park village, Illinois",72.7,63.2,"2020-08-19",80.4,-7.7,514,204,218,71250,2.9,3.4,30.9,69.1,0,0,0,30.9
"251","1704585","1600000US1704585","17","04585","Beecher village, Illinois",79.3,69.9,"2020-08-19",73.5,5.8,4382,1679,1809,73482,3.1,0,3.2,95.6,0.4,0,0.8,4.4
"252","1704975","1600000US1704975","17","04975","Bellwood village, Illinois",69.5,44.1,"2020-08-19",69.5,0,19112,6240,6848,55480,10.6,3.7,17.9,4.2,75.4,1,1.5,95.8
"253","1705976","1600000US1705976","17","05976","Big Rock village, Illinois",79.8,69.5,"2020-08-19",86.2,-6.40000000000001,1318,444,471,86250,4.5,0,3.4,94.2,0.6,0,1.8,5.8
"254","1705248","1600000US1705248","17","05248","Bensenville village, Illinois",65.4,52.7,"2020-08-19",72.2,-6.8,18400,6330,6432,61660,14.4,16.4,49.7,41.7,3.3,4,1.3,58.3
"255","1705404","1600000US1705404","17","05404","Berkeley village, Illinois",76.3,66.2,"2020-08-19",74.4,1.89999999999999,5171,1723,1816,64715,5.3,3.9,36.9,29.2,28.9,3.3,1.7,70.8
"256","1705573","1600000US1705573","17","05573","Berwyn city, Illinois",62.7,53,"2020-08-19",67.7,-5,55949,18225,19788,60811,13.1,8.8,63.2,25.9,6.3,3.5,1.1,74.1
"257","1779267","1600000US1779267","17","79267","Wauconda village, Illinois",78.1,69.6,"2020-08-19",77.4,0.699999999999989,13754,5185,5498,78938,4.7,3.3,22.7,69.4,0.6,6.1,1.2,30.6
"258","1779397","1600000US1779397","17","79397","Wayne village, Illinois",77.4,70.8,"2020-08-19",54.8,22.6,2345,857,987,133233,1.4,0.6,1.7,90.9,0,7.5,-0.1,9.1
"259","1780060","1600000US1780060","17","80060","West Chicago city, Illinois",71.9,63.5,"2020-08-19",72.3,-0.399999999999991,27328,7585,8085,71268,11.6,13.6,52.9,36.5,2.1,8.1,0.4,63.5
"260","1780125","1600000US1780125","17","80125","West Dundee village, Illinois",75.1,68.5,"2020-08-19",77.9,-2.80000000000001,7535,3156,3277,86543,4.8,0.3,5.4,82.4,2.1,9.8,0.3,17.6
"261","1780645","1600000US1780645","17","80645","Westmont village, Illinois",73.9,63,"2020-08-19",71,2.90000000000001,25036,10711,11398,63309,12.6,7,13.8,64.5,6.9,12.8,2,35.5
"262","1781048","1600000US1781048","17","81048","Wheaton city, Illinois",82.8,76.3,"2020-08-19",82.6,0.200000000000003,53480,19195,20228,98544,5.3,2.7,6.3,80.3,4.2,6,3.2,19.7
"263","1781919","1600000US1781919","17","81919","Willowbrook village, Illinois",77.9,68.9,"2020-08-19",74.6,3.30000000000001,8576,3907,4131,71574,5.1,4.1,6.3,70.3,3.7,19.2,0.5,29.7
"264","1782049","1600000US1782049","17","82049","Willow Springs village, Illinois",79.5,70.1,"2020-08-19",78.2,1.3,5696,2091,2223,84321,5.9,2.4,15.3,75.6,2.1,4.4,2.6,24.4
"265","1782075","1600000US1782075","17","82075","Wilmette village, Illinois",84.9,78.8,"2020-08-19",82.8,2.10000000000001,27419,9643,10328,154738,3.3,2.5,2.9,80.3,0.6,13.4,2.8,19.7
"266","1782101","1600000US1782101","17","82101","Wilmington city, Illinois",66.3,54.3,"2020-08-19",74.3,-8,5913,2289,2393,54867,15.2,0.3,8.1,90,0.5,0.9,0.5,10
"267","1782400","1600000US1782400","17","82400","Winfield village, Illinois",84.5,77.6,"2020-08-19",86.6,-2.09999999999999,9708,3946,3988,107216,2.4,0.9,3.4,90,1.2,3.2,2.2,10
"268","1782530","1600000US1782530","17","82530","Winnetka village, Illinois",80.8,75.2,"2020-08-19",79,1.8,12481,4134,4483,220577,2.8,0.2,3.3,89.6,0.1,3.9,3.1,10.4
"269","1782686","1600000US1782686","17","82686","Winthrop Harbor village, Illinois",80.3,70.3,"2020-08-19",79.7,0.599999999999994,6767,2610,2870,87337,2.3,0.4,8.3,86.5,2,1.8,1.4,13.5
"270","1782855","1600000US1782855","17","82855","Wonder Lake village, Illinois",75.9,67.7,"2020-08-19",72.8,3.10000000000001,4219,1658,1717,82434,10,0,11.3,87.9,0,0.8,0,12.1
"271","1782985","1600000US1782985","17","82985","Wood Dale city, Illinois",77.4,65.9,"2020-08-19",77.9,-0.5,13848,5059,5481,67891,7.6,10.1,23.8,66.5,1.3,7,1.4,33.5
"272","1783245","1600000US1783245","17","83245","Woodridge village, Illinois",77.5,71.3,"2020-08-19",74.4,3.09999999999999,33493,13104,13802,85192,6.9,6.7,13.2,62.5,9.1,12.8,2.4,37.5
"273","1783349","1600000US1783349","17","83349","Woodstock city, Illinois",76.5,67.5,"2020-08-19",73.1,3.40000000000001,25198,9485,10123,60940,13.1,1.9,22.9,70.7,3.2,1.5,1.7,29.3
"274","1783518","1600000US1783518","17","83518","Worth village, Illinois",68.5,56.3,"2020-08-19",71.5,-3,10728,3999,4407,58675,10.3,6.1,12.6,82,2.4,1.2,1.8,18
"275","1706704","1600000US1706704","17","06704","Blue Island city, Illinois",57.9,36.6,"2020-08-19",64,-6.1,22636,8036,9246,44727,18.9,5.8,49.1,20.2,27.9,0.4,2.4,79.8
"276","1707133","1600000US1707133","17","07133","Bolingbrook village, Illinois",77.5,71,"2020-08-19",76.1,1.40000000000001,74448,22483,23919,85643,7.2,6.8,25.4,40.3,18.2,11.6,4.5,59.7
"277","1707640","1600000US1707640","17","07640","Braceville village, Illinois",66.6,27.7,"2020-08-19",83.5,-16.9,779,298,356,63077,9.7,0,11.6,86,0,0.6,1.8,14
"278","1707770","1600000US1707770","17","07770","Braidwood city, Illinois",64.7,54,"2020-08-19",67.9,-3.2,6284,2467,3121,63651,10.6,0.8,4.5,92.6,0.3,0.2,2.4,7.4
"279","1709447","1600000US1709447","17","09447","Buffalo Grove village, Illinois",83.2,77,"2020-08-19",79.9,3.3,41329,15580,16064,111435,4.4,7.4,5.5,68.6,2.4,21.7,1.8,31.4
"280","1709531","1600000US1709531","17","09531","Bull Valley village, Illinois",78.2,70.1,"2020-08-19",79,-0.799999999999997,1267,465,495,108542,1.8,0.9,9.6,85,1.3,2.4,1.7,15
"281","1709642","1600000US1709642","17","09642","Burbank city, Illinois",73.4,57.8,"2020-08-19",75.4,-2,28947,9197,9646,59912,11.4,10.9,31,63.3,2.7,1.5,1.5,36.7
"282","1709798","1600000US1709798","17","09798","Burnham village, Illinois",61.4,33.6,"2020-08-19",70.1,-8.7,4189,1457,1635,43983,23.6,6.2,24.4,14.7,60.3,0,0.6,85.3
"283","1710513","1600000US1710513","17","10513","Calumet Park village, Illinois",61.1,35.8,"2020-08-19",67.3,-6.2,8442,3303,3738,47974,18,2.1,7.3,2.3,88.1,0,2.3,97.7
"284","1710487","1600000US1710487","17","10487","Calumet City city, Illinois",59.5,39.3,"2020-08-19",63.4,-3.9,36856,13769,16111,42653,18.9,3.1,15.2,9.8,74.2,0.1,0.7,90.2
